ClientIP,count
53.153.77.110,156
208.150.99.181,119
125.227.246.131,116
185.24.37.122,115
209.158.28.49,114
129.53.13.62,114
222.30.33.183,114
159.168.200.38,112
21.166.16.150,112
192.19.249.147,112
195.171.155.166,110
11.148.137.128,109
157.226.241.234,108
13.235.167.220,107
26.158.117.152,106
88.40.53.243,106
132.107.158.218,105
172.73.227.140,105
117.200.193.5,105
56.172.84.231,105
57.112.34.158,104
26.249.70.42,104
98.197.20.168,103
159.147.102.107,103
7.113.8.157,103
23.159.246.188,103
133.157.216.48,102
221.112.50.103,102
218.83.247.217,101
8.84.119.17,100
129.250.178.34,100
96.152.27.237,100
202.206.239.71,99
128.103.139.186,98
215.173.246.58,98
219.174.86.216,98
62.233.82.185,97
171.76.104.123,96
171.40.165.112,96
187.58.154.169,96
53.14.209.93,95
193.134.220.249,95
7.197.100.227,94
24.203.45.79,94
200.0.128.177,93
143.223.188.210,92
128.3.125.57,92
78.214.250.139,92
134.226.226.202,91
53.254.234.52,90
55.118.20.119,89
19.143.51.102,89
159.197.110.50,88
146.239.91.195,87
196.9.231.148,87
192.88.206.163,87
95.130.38.51,86
86.248.156.68,84
60.237.185.56,83
154.244.130.33,82
38.90.38.169,82
44.234.138.75,81
144.43.7.43,81
83.209.73.10,81
79.204.155.139,80
143.192.219.104,79
143.4.1.39,79
66.170.211.253,79
135.161.89.192,79
123.147.31.210,79
57.59.211.222,77
147.41.40.18,76
5.220.16.161,75
88.190.191.62,75
77.221.81.254,75
28.75.189.25,75
105.142.96.5,75
89.240.61.108,72
41.248.255.237,72
179.192.152.151,72
131.157.141.74,71
139.88.106.5,71
158.240.206.108,70
181.37.150.112,70
212.195.103.225,69
185.60.226.17,68
141.148.116.60,68
197.186.169.178,68
110.104.236.144,67
57.175.122.246,67
116.254.36.200,67
29.134.230.139,67
189.69.74.46,67
190.212.52.36,66
89.236.176.154,66
108.211.228.176,66
20.186.223.8,66
35.96.80.127,66
69.78.8.254,65
208.56.210.58,65
217.119.19.158,64
215.72.87.11,64
206.228.108.158,64
189.111.236.123,64
113.19.13.53,63
222.181.221.87,62
103.132.1.94,62
187.109.49.123,62
118.20.187.50,62
14.227.188.198,61
111.55.169.136,61
32.168.224.172,60
138.186.185.240,60
130.119.37.169,59
178.176.31.6,59
14.219.202.71,59
109.204.128.232,59
167.19.186.112,58
212.38.130.214,58
8.22.220.208,58
179.11.123.206,57
92.126.154.181,53
90.178.50.209,52
206.242.241.175,52
93.224.123.232,52
181.213.103.91,51
25.80.51.61,50
219.65.150.78,49
6.184.51.168,44
222.2.129.147,39
220.159.173.67,36
193.206.235.29,33
37.167.69.122,28
25.242.208.139,27
145.176.150.30,25
165.107.232.96,21
217.65.127.25,19
203.87.92.123,16
178.4.201.41,16
207.250.194.83,14
113.50.114.50,12
154.194.118.163,12
159.208.189.131,12
91.2.114.234,10
194.188.4.168,9
86.90.168.201,8
205.248.208.46,8
117.197.1.242,7
16.9.26.193,7
128.40.28.16,7
31.11.99.192,7
172.126.210.5,7
183.131.230.62,6
155.159.88.145,6
77.193.191.108,6
6.235.202.132,6
164.96.142.64,5
23.210.101.63,5
7.58.186.44,5
6.37.210.113,5
25.195.20.94,5
50.241.143.10,5
98.4.19.103,4
97.198.0.125,4
90.250.70.163,4
64.234.253.67,4
66.8.82.20,4
39.234.15.240,4
29.245.45.240,4
180.93.25.82,4
91.35.16.53,4
195.66.137.147,4
139.10.22.175,4
175.102.252.63,4
62.36.64.102,4
182.111.112.86,4
87.205.246.237,4
138.75.80.97,4
18.51.222.213,4
6.143.223.54,4
77.177.18.160,4
114.22.116.127,4
358e:c3da:c518:ea26:fd77:f74c:d4f5:2c09,4
197.225.62.134,3
173.128.86.170,3
82.247.121.133,3
47.200.58.237,3
97.233.10.87,3
170.127.13.27,3
142.64.49.230,3
93.55.173.194,3
141.49.101.217,3
196.136.28.168,3
24.118.153.202,3
78.239.133.192,3
50.67.69.13,3
145.101.39.251,3
38.46.182.77,3
135.130.83.6,3
218.213.82.77,3
211.30.40.173,3
19.208.152.96,3
144.140.215.40,3
124.126.124.58,3
167.184.229.178,3
166.33.221.225,3
126.154.148.160,3
98.93.18.87,3
150.160.13.155,3
62.162.224.138,3
49.56.252.30,3
173.225.183.188,3
121.150.57.141,3
131.27.13.65,3
31.62.223.26,3
189.189.28.29,3
43.211.208.128,3
188.171.224.41,3
82.212.151.84,3
196.92.91.204,3
205.90.91.175,2
45.92.127.77,2
138.67.25.103,2
6.99.210.20,2
58.87.117.65,2
158.166.90.114,2
108.93.252.151,2
8.89.213.83,2
28.235.172.126,2
218.43.53.195,2
105.12.64.72,2
180.104.33.29,2
173.98.76.81,2
125.170.102.209,2
82.19.252.183,2
89.4.78.220,2
129.80.215.116,2
208.109.254.115,2
75.173.209.158,2
59.121.127.137,2
139.180.188.38,2
223.231.29.148,2
100.226.191.168,2
60.25.88.137,2
195.124.204.247,2
180.202.126.248,2
126.173.54.146,2
43.200.35.182,2
77.30.48.113,2
172.220.192.118,2
86.64.109.49,2
154.108.169.139,2
62.176.176.150,2
91.214.18.27,2
192.28.94.88,2
37.107.220.15,2
139.54.4.243,2
196.169.192.193,2
212.140.206.101,2
12.184.81.2,2
197.11.248.77,2
45.182.161.165,2
167.53.133.35,2
40.21.63.83,2
43.21.24.47,2
23.19.9.226,2
125.28.50.66,2
185.132.82.197,2
213.106.189.251,2
7.180.7.199,2
183.107.249.124,2
114.249.88.123,2
68.152.119.19,2
50.101.60.65,2
195.255.122.32,2
52.206.7.100,2
169.60.56.31,2
179.181.145.163,2
213.161.33.87,2
212.235.132.100,2
170.37.113.2,2
7.89.246.229,2
74.197.43.77,2
168.15.109.200,2
143.79.36.84,2
153.79.244.199,2
2f58:d6be:7438:10cd:c3bd:f8f9:14da:e76f,2
46.93.121.227,2
91.172.212.239,2
199.92.107.131,2
181.231.251.140,2
72.57.106.189,2
61.115.130.105,2
77.49.33.194,2
90.247.18.152,2
212.141.245.15,2
48.118.21.68,2
144.130.128.22,2
176.49.180.32,2
198.12.48.38,2
67.120.170.12,2
12.185.138.113,2
18.16.173.107,2
187.173.74.222,2
155.238.82.218,2
223.33.35.131,2
144.189.52.91,2
16.105.28.238,2
188.53.41.114,2
171.23.246.130,2
190.121.1.193,2
35.28.42.23,2
108.123.103.129,2
98.244.88.231,2
23.31.64.127,2
62.133.183.49,2
199.175.88.122,2
207.155.78.213,2
163.165.146.78,2
97.69.121.234,2
343f:c8a5:b86b:3356:b08b:8a14:9489:4a6b,2
211.162.148.13,2
98.6.157.205,2
194.72.18.230,2
163.161.23.210,2
31.131.48.204,2
69.210.2.188,2
2a14:bc0:ffcc:8460:ca06:fa45:ebed:942,2
163.74.141.11,2
22.195.254.129,2
27.154.83.40,2
15.62.160.99,2
6.120.107.42,2
102.137.1.105,2
205.34.95.79,2
190.97.11.180,2
61.96.109.110,2
96.60.107.8,2
188.88.15.76,2
113.81.236.185,2
141.93.137.16,2
131.183.228.42,2
55.110.185.14,2
143.39.217.168,2
181.122.204.150,2
213.167.103.42,2
181.120.248.8,2
170.189.2.236,2
43.172.61.15,2
62.218.115.177,2
125.19.91.23,2
112.195.87.179,2
88.167.179.225,2
32.215.168.194,2
155.142.17.246,2
130.162.156.4,2
205.82.2.7,2
196.16.189.185,2
105.87.114.27,2
158.124.135.63,2
35.103.90.162,2
83.76.215.255,2
139.226.142.16,2
35.249.80.251,2
175.171.137.220,2
220.159.137.227,2
25.104.196.129,2
155.126.21.51,2
163.56.183.144,2
72.235.238.101,2
193.32.55.105,2
175.4.145.21,2
213.181.29.91,2
84.82.20.17,2
40.220.6.64,2
2789:11f8:fede:124e:a659:163a:73f9:f9f0,2
136.91.182.201,2
91.36.6.38,2
71.34.84.233,2
194.113.251.189,2
154.227.241.90,2
208.37.140.164,2
46.161.163.180,2
96.217.132.205,2
32.233.235.89,2
212.29.173.81,2
32.208.108.149,2
135.187.47.50,2
86.4.159.242,2
72.101.117.54,2
165.139.52.210,2
177.26.98.130,2
5.83.1.210,2
159.169.70.177,2
85.69.43.65,2
23.179.168.98,2
213.33.35.231,2
17.230.52.60,2
5.110.34.202,2
30.139.212.136,2
150.123.153.50,2
135.70.93.170,2
186.245.150.252,2
102.212.71.38,2
197.21.207.85,2
13.234.141.203,2
67.226.4.109,2
146.80.150.68,2
117.185.175.217,2
80.150.231.37,2
53.25.236.197,2
76.172.210.198,2
58.124.33.206,2
23.38.196.191,2
102.80.95.109,2
154.86.161.126,2
96.60.238.123,2
150.173.70.174,2
130.34.148.216,2
192.121.15.162,2
162.155.161.159,2
79.47.253.242,2
190.252.212.86,2
176.173.208.244,2
141.88.221.146,2
76.96.43.53,2
33.9.227.128,2
223.160.101.48,2
107.47.81.85,2
134.84.147.27,2
167.233.172.175,2
150.182.50.156,2
32.132.166.216,2
98.20.108.88,2
2.182.7.204,2
199.58.39.116,2
5.96.132.65,2
21.23.45.210,2
27.95.147.98,2
178.142.10.15,2
188.136.36.51,2
87.205.151.179,2
115.77.34.60,2
219.106.78.247,2
35.220.236.173,2
129.113.136.61,2
117.76.76.156,2
95.69.110.161,2
67.191.104.7,2
115.243.18.106,2
77.56.229.152,2
206.0.66.76,2
86.6.69.109,2
28.239.195.50,2
78.47.101.116,2
156.75.243.72,2
202.125.229.126,2
185.200.193.25,2
154.15.130.67,2
75.157.50.244,2
55.139.197.131,2
188.7.232.223,2
