ClientIP,Frequency
195.171.155.166,12
128.103.139.186,9
172.73.227.140,8
53.153.77.110,8
159.147.102.107,7
218.83.247.217,7
8.84.119.17,7
13.235.167.220,7
200.0.128.177,7
133.157.216.48,6
96.152.27.237,6
193.134.220.249,6
77.221.81.254,6
219.174.86.216,6
209.158.28.49,6
185.24.37.122,6
11.148.137.128,6
192.19.249.147,6
125.227.246.131,5
28.75.189.25,5
19.143.51.102,5
171.40.165.112,5
217.119.19.158,5
132.107.158.218,5
179.192.152.151,5
117.200.193.5,5
222.30.33.183,5
129.53.13.62,5
143.223.188.210,5
23.159.246.188,5
159.168.200.38,5
159.197.110.50,5
147.41.40.18,5
20.186.223.8,5
55.118.20.119,4
7.197.100.227,4
215.173.246.58,4
89.240.61.108,4
135.161.89.192,4
221.112.50.103,4
141.148.116.60,4
181.37.150.112,4
123.147.31.210,4
202.206.239.71,4
179.11.123.206,4
21.166.16.150,4
129.250.178.34,4
109.204.128.232,4
144.43.7.43,4
88.40.53.243,4
29.134.230.139,4
116.254.36.200,4
57.112.34.158,4
44.234.138.75,4
219.65.150.78,4
26.249.70.42,4
66.170.211.253,4
222.181.221.87,4
38.90.38.169,4
32.168.224.172,3
53.254.234.52,3
187.109.49.123,3
146.239.91.195,3
24.203.45.79,3
187.58.154.169,3
172.26.56.110,3
197.186.169.178,3
178.176.31.6,3
206.228.108.158,3
103.132.1.94,3
185.60.226.17,3
90.178.50.209,3
25.242.208.139,3
167.19.186.112,3
212.38.130.214,3
138.186.185.240,3
113.19.13.53,3
196.9.231.148,3
53.14.209.93,3
108.211.228.176,3
7.113.8.157,3
154.244.130.33,3
78.214.250.139,3
181.213.103.91,3
98.197.20.168,3
6.184.51.168,3
5.220.16.161,3
57.175.122.246,2
220.159.173.67,2
218.213.82.77,2
128.3.125.57,2
212.195.103.225,2
157.226.241.234,2
41.248.255.237,2
88.190.191.62,2
192.88.206.163,2
195.255.122.32,2
f925:42b3:e47c:41da:252b:f6db:7b4a:b7f1,2
35.96.80.127,2
143.192.219.104,2
69.78.8.254,2
105.142.96.5,2
134.226.226.202,2
145.176.150.30,2
56.172.84.231,2
139.88.106.5,2
155.159.88.145,2
190.212.52.36,2
31.11.99.192,2
77.193.191.108,2
93.224.123.232,2
86.248.156.68,2
208.150.99.181,2
83.209.73.10,2
62.233.82.185,2
222.2.129.147,2
95.130.38.51,2
158.240.206.108,2
118.20.187.50,2
32.134.90.238,1
e3a1:8408:6084:c61d:88c9:409c:fffc:43b,1
134.95.207.176,1
ea73:69b5:f1fc:4b11:f78f:6ca0:949d:dc38,1
f56a:c918:66d0:42da:9da:8687:78c5:c2c3,1
5f6e:7147:d787:1f8f:e510:6b6c:9878:e82a,1
2.180.160.59,1
a53b:5bc5:3a15:e751:691d:b3ec:59bd:2376,1
209.141.25.26,1
b6be:9b0f:1ef2:939f:b8d9:2938:e881:8117,1
b729:7158:52b:e7b9:4431:94c6:e8e6:e5f6,1
61.60.104.13,1
160.50.207.41,1
aa7:c59:6cdd:12fb:65d7:1900:c9e4:fc9a,1
1829:7ea9:8f4:90b0:3cf4:ba1b:2668:177e,1
d6ad:2e3c:a236:e64f:d84e:b49f:f208:6e90,1
b17:cef3:5dc1:c581:3c39:352d:5900:b621,1
feb7:3f44:3e5b:a783:1bba:65eb:80c3:1af5,1
186.67.135.192,1
146.22.36.10,1
177.26.98.130,1
99.100.18.120,1
198.39.164.220,1
f022:1be6:b013:6a67:dc8c:8f0b:248d:b821,1
38.181.145.101,1
186.69.149.91,1
177.134.213.47,1
148.71.226.64,1
98.6.157.205,1
452a:dd8a:a813:b67a:ec11:484e:6a51:281f,1
205.191.232.232,1
3a13:1881:a37b:d48:3a26:683a:91f1:916b,1
cba1:dff6:bb24:7494:215:aa5a:b315:71ed,1
1cbb:e4c9:d4d:e838:174b:c5b3:9c45:9ced,1
208.101.228.208,1
4dd0:f570:5967:3ade:d453:7719:135f:4c6b,1
149.88.241.25,1
158.124.135.63,1
20.237.6.149,1
78.165.48.226,1
c9d1:ea50:ebd5:1665:f1e0:f562:3f66:e526,1
125.67.210.189,1
3aa6:1fd:1642:8f34:4f5f:1dbd:1877:af7,1
51.108.125.156,1
106.71.102.168,1
c3f3:9ae9:9cf7:69c0:31c2:ffbc:30f1:1ac2,1
163.161.23.210,1
82.24.174.4,1
10.152.104.168,1
59.50.199.168,1
147.12.141.216,1
205.0.49.47,1
7ca:60ca:556:c17c:519b:7b85:5912:cdb2,1
4b7a:1059:e1d5:9a81:9e35:dc64:b03a:fd91,1
e45f:4539:1440:5edf:c7ef:ddef:11fd:3688,1
102.146.223.158,1
6be7:b5f6:e213:5f67:d4d2:753:dec:de5f,1
25.177.113.157,1
5183:7046:bb43:e41:6cb:52a6:6ba5:bf76,1
a073:b452:1456:bb4c:ab3:e76a:2698:869,1
14.216.168.216,1
ee10:2857:9a87:cd32:a1db:3c51:5719:ddd0,1
212.138.79.179,1
e86c:5971:e309:5f8d:aaf9:9b4e:f114:1b71,1
134.221.170.57,1
192.134.143.88,1
211.171.187.12,1
57.6.24.140,1
59.252.183.205,1
57.120.160.59,1
82d3:def5:ef5e:abc5:dc6c:fcd1:7e8c:bc7f,1
2205:c0f1:4446:b3ef:d05a:5c92:dcb0:ea43,1
74.86.122.179,1
179.239.17.14,1
112.24.38.249,1
173.38.44.79,1
17.33.215.118,1
165.159.171.251,1
96.147.215.80,1
87.26.33.250,1
64.194.38.236,1
d5a:542a:ee41:3ad5:3cc1:8cf6:19b:8111,1
10.217.60.104,1
143.4.1.39,1
96.94.189.12,1
1951:7ba:ad48:7533:60b5:8a58:21ba:6056,1
119.46.128.85,1
175.4.145.21,1
f48b:6090:4c41:dd3a:e916:223c:ed9e:daf,1
150.110.18.231,1
123.16.149.91,1
5d1f:8832:2870:d84b:28ef:e900:d843:adc9,1
4777:c731:4107:207:597b:e47c:e068:5a32,1
71.190.4.135,1
91.137.120.53,1
176.79.83.168,1
a25a:3fa:aed1:81fe:d23d:49bb:5f95:2d2b,1
d6ac:c17f:7bf1:f122:19f1:bfa3:a953:5007,1
11.103.138.211,1
72.235.238.101,1
726c:a4d:a72f:e4df:85a:3652:3c6d:a55b,1
114.207.9.67,1
196.235.91.47,1
54.188.59.3,1
68.20.13.60,1
19.233.151.218,1
135.136.17.168,1
c116:a807:ec6f:afb9:7ba3:5019:6add:f2b3,1
120.188.189.226,1
162.43.165.65,1
159.90.161.219,1
e6a2:b9dd:aff4:1015:37d3:dc4a:4ba1:cb5d,1
26.124.100.197,1
fdde:d60:27e:842c:f0ea:2022:6a71:9cca,1
153.40.212.128,1
200.191.97.164,1
27.92.184.28,1
c08d:ef8c:7b6a:2a5c:2a09:6596:e87:9704,1
38.152.203.162,1
28bc:6874:85b2:9be4:dd67:113a:c67a:e6cf,1
e51c:59d6:2835:e1ae:a8cf:b4ec:c8d5:a4d8,1
2acb:859c:f5d2:6f13:564a:2a87:4e73:70ef,1
14.117.136.92,1
163.214.244.101,1
f6a4:4138:f641:d7fc:26ba:eef4:159:51da,1
106.166.140.71,1
80.222.249.111,1
205.17.59.211,1
6d87:f078:551f:93db:be6d:6c74:9701:6000,1
135.24.44.237,1
196.5.138.82,1
3ee2:42e9:73b1:3c06:e0f6:53b0:f27e:b7a8,1
69.91.113.164,1
3cf4:df3:b598:b9a3:b27f:cbac:1119:f9ef,1
162.157.47.30,1
22.152.94.235,1
41.180.217.169,1
208.189.164.47,1
215.226.236.35,1
217.208.163.19,1
a3d:4ca:e72e:fcda:ed89:949:71a2:8ca1,1
209.207.47.160,1
22.106.168.213,1
c1f6:bbfd:f33f:417a:bc3f:5a13:5be9:188f,1
56.93.188.220,1
87.22.141.108,1
68.242.140.139,1
d803:155e:e56c:4e6d:a965:8e6d:3ed9:d81b,1
8c1e:5962:d59:e528:d744:93d5:f042:bfd0,1
9e5c:daad:b4b5:8fb6:208b:eb11:e4ed:62e3,1
125.28.211.50,1
70c:1e51:511f:1978:c043:28b5:53d0:f56f,1
79.204.155.139,1
135.237.160.100,1
136.179.158.125,1
217.66.195.221,1
218.32.118.203,1
90.162.94.29,1
144.176.33.233,1
152.208.108.118,1
69.173.47.23,1
36.79.178.212,1
27d6:c91c:447c:1338:d4c9:cb39:1399:ba67,1
af16:870d:a763:e95f:4fd2:44fe:8916:a5bf,1
a23d:2bc4:77eb:ec83:836e:857c:544:113,1
89c2:6a47:8bc1:a004:974c:890d:f53d:1fe1,1
54.40.156.148,1
7cd8:f8b3:d3f9:b061:1c88:d6e6:d774:c2be,1
244d:c990:a99e:a4ec:e229:bb9:4877:d635,1
8fbb:1a4a:8412:7ba5:c4ec:24a3:6226:5e70,1
bd3f:ca32:e95e:5118:98d4:e157:e6cd:d1a3,1
22.76.249.160,1
66.242.20.85,1
73.5.99.136,1
178.153.80.100,1
20.5.21.70,1
85.123.34.101,1
150.227.42.185,1
129.218.120.106,1
150.156.87.167,1
e4b7:5504:a107:7504:d845:e6b5:8006:eb21,1
84.56.208.14,1
209.150.220.120,1
201.40.20.87,1
ab08:d272:e064:8f08:ad86:ae45:f7e2:c402,1
485d:5f1a:c5e8:1915:86c3:bb73:1837:d7fa,1
dd4:605f:bb9:828b:1be:1b91:b640:37ff,1
6a65:7dda:5d6:3703:b039:77bd:e195:f51f,1
200.241.208.80,1
176.16.194.232,1
144.254.255.226,1
dbd1:78b8:9ff2:8328:2a17:ee4c:11ed:2394,1
1a26:468b:b062:3e34:cbb4:96e0:d3d2:2d29,1
128.20.241.54,1
104.242.111.223,1
11.134.174.238,1
c440:b3cc:8aa9:f3ed:61ce:41ba:2191:5e33,1
6471:c321:5791:2974:7831:e37e:8252:f267,1
bbae:858b:2575:ad59:8669:8e31:b229:e96c,1
7531:76ff:93cf:b17d:cd35:976d:52e0:f359,1
46.8.206.176,1
154.194.118.163,1
76.90.112.70,1
16.85.35.121,1
197.199.178.68,1
252b:e9c4:fb87:b8dc:d0a5:959f:48b1:61e2,1
164.234.41.105,1
1631:daf1:3fe0:874d:b2ad:ebae:864:5360,1
42.143.155.128,1
c74:e3bc:340c:52c9:d462:2f9d:5f97:aaeb,1
8b6a:c8bc:a9af:b699:a00a:37f3:a37:44cc,1
6ca8:67a0:e64d:1357:1a7:776a:858:97f1,1
5.123.32.165,1
61.191.239.159,1
173.160.18.57,1
3f7a:1444:5739:6e91:2263:8748:ccb5:5803,1
182.230.221.203,1
76.255.1.109,1
191.225.249.86,1
1231:5b7e:e161:583e:7113:19fb:ca4a:2536,1
214.42.220.185,1
216.107.87.58,1
130.119.37.169,1
133.28.28.102,1
115.223.254.236,1
27.173.25.34,1
dac1:5971:8b3:aebe:53e0:fbd5:1866:28d3,1
20.14.248.85,1
8560:4e74:b37f:cbfb:9001:f37f:d03e:b5b,1
79.33.159.250,1
9167:e415:1d90:ab29:f8a9:1079:4403:acb0,1
131.157.141.74,1
202.201.87.123,1
d27e:3abf:32e5:fae0:83b7:5a63:7c7d:6b69,1
a756:98a1:e5bb:e6f0:b2a5:aee5:8769:c627,1
90.111.195.147,1
21.156.166.190,1
eb4f:8746:21b9:41b2:e1fb:b2b8:9a51:2787,1
81.147.120.188,1
ac05:1037:2f9d:ec87:ff22:91d5:6698:767b,1
6d86:13dc:b0e1:8e7:cdb0:ffe6:b164:d7cf,1
183.63.58.109,1
36.226.43.175,1
1b3c:ab01:d7db:9067:706a:4305:a837:82c1,1
222.196.156.22,1
142.129.119.235,1
a5aa:836d:8ecb:a034:f613:3b1:7644:9c52,1
161.190.142.139,1
159.124.125.115,1
a9d9:34d7:2e96:83c8:21c0:b56a:cdbb:6246,1
7595:4a3a:2ba8:ff53:a4d4:c781:9ded:55e2,1
207.63.223.146,1
156.115.44.20,1
72.90.149.32,1
64e6:762b:3944:c492:3a34:9411:9b8b:e5e5,1
108.89.197.99,1
168.86.153.90,1
84.129.50.80,1
216.42.133.177,1
139.151.136.88,1
207.250.194.83,1
13.24.85.207,1
116.23.247.202,1
203.87.92.123,1
b952:4b5c:c9bc:2e92:f80b:77f9:3f67:1d61,1
110.104.236.144,1
180.86.34.119,1
be55:9f58:7d2a:9424:8906:37ad:350e:5f39,1
ab61:e833:3502:2d5c:67c6:76a8:590a:e19e,1
ff7f:abdd:861:34a0:8d02:599f:e999:b4d3,1
91.137.22.201,1
61.251.112.207,1
1571:848b:c7aa:d934:7798:e87a:cb6:4dc5,1
36.114.43.203,1
98.49.177.210,1
11.246.50.109,1
184.81.66.78,1
101.139.247.72,1
9.8.162.216,1
a444:7230:d3e5:5693:5769:173a:138e:10ed,1
11.15.68.56,1
164.79.16.247,1
5.249.14.76,1
15.196.170.224,1
9977:270a:fc68:7b56:f950:cd58:1e76:34e9,1
98.226.142.108,1
96.134.160.24,1
4.111.98.189,1
189.211.91.214,1
37.167.69.122,1
82.247.121.133,1
5.5.165.0,1
88.19.55.66,1
147.86.128.253,1
114.63.53.38,1
dd3c:6eb5:84f8:4c47:977:5a00:a392:54e1,1
84.12.7.228,1
7656:b1b3:1193:54f1:e7ff:37bf:2609:bc4e,1
107.127.204.184,1
43.158.40.75,1
14.219.202.71,1
66.194.117.180,1
18.156.20.33,1
214.210.118.166,1
6985:8405:45ad:e6a0:93f3:b779:e745:a277,1
22.194.59.161,1
14.227.188.198,1
56.11.12.14,1
765:2949:eb1a:40c:208f:5d19:1014:f49,1
f277:cf2a:83b3:9f58:45e4:241a:a75c:acd7,1
4a20:bccd:f77e:8680:5fde:8539:35e5:576c,1
101.110.9.143,1
85.34.119.163,1
100.1.107.177,1
eec8:b46e:8421:3da6:7b0a:3b82:3c8a:3c77,1
6.183.77.165,1
6e7e:6dca:21ec:3926:9669:cb76:bb92:7c77,1
189.13.233.22,1
20.100.211.198,1
63.69.226.206,1
e6ac:5a96:6e06:4a59:298a:8bc2:108a:1b02,1
50.140.113.79,1
44.150.4.247,1
39.234.15.240,1
792a:fa69:c515:643a:9137:3892:794:777f,1
8555:6:9319:90bb:1cdf:6b40:6619:e446,1
184.202.46.106,1
8837:23c:60c9:5354:4600:8358:af4e:4e25,1
8ffd:7713:a0a8:6af5:b30f:3591:45bf:db5,1
fcea:a3b1:a69c:25b9:f5bf:7b0c:e2c6:b5ad,1
24.198.189.229,1
a0b1:f94d:7ea0:28ef:eb5e:617f:5e69:f024,1
165.107.232.96,1
65.165.243.185,1
128.145.30.72,1
bc16:f3d5:49d9:31c4:f3ec:6750:af5:c1a4,1
7eee:25c:46b6:f48d:aaf1:510b:b476:9e33,1
50.71.127.135,1
159.123.82.97,1
109.46.222.27,1
e384:5830:6567:7f7c:b5ae:6f1d:556e:34a8,1
125.173.12.81,1
1e24:b8ae:f09e:c400:8487:cb42:4ff6:3720,1
2229:e601:ac50:7559:abb0:aa40:29a7:cb1c,1
19.189.228.81,1
40.24.239.178,1
91.197.36.135,1
49a4:c7d1:cf2b:53c4:6070:57be:c3f8:3c03,1
89.87.49.42,1
c54d:69cb:fc9e:425f:469b:33ea:1425:bc2e,1
131.2.116.85,1
218.98.13.148,1
70.228.28.42,1
107.230.113.49,1
163.231.109.8,1
dc40:f127:bfd8:c9fd:c612:47f4:3c7e:14ce,1
103.103.235.121,1
780c:53a0:3742:965b:d5e0:290:d0ac:da77,1
18a5:d75e:b457:ee1f:177b:5eff:ad86:c18b,1
205.247.130.151,1
59dc:1bbb:76d:71da:d574:deff:7066:3dd1,1
58d5:d778:3798:9311:ce00:9a6f:9f0a:3084,1
a4de:4c96:2b85:a9e7:b763:9d7a:4c07:af2c,1
208.56.210.58,1
101.22.61.243,1
1ab8:9fa0:d1dc:81c8:8e7a:46e:c030:afe4,1
f717:96ca:e63:8e40:af2a:afb7:4e6b:6ea0,1
220.220.45.227,1
86.248.235.177,1
184.112.109.19,1
abca:6212:1096:ca7b:995f:a:5180:6251,1
169.43.111.152,1
131.65.63.238,1
73.6.41.158,1
97.123.103.231,1
336b:26e1:5b1e:c290:a876:9a59:9f01:f6ac,1
d767:d1f9:7d02:669:f246:4a6f:df1b:4663,1
202.43.117.233,1
1.135.104.19,1
51.208.59.112,1
31.131.48.204,1
5383:480d:af49:1178:d61d:7ef5:bd06:d847,1
138.45.93.151,1
206.242.241.175,1
56.187.134.71,1
44.170.122.13,1
f17a:6b1a:2d32:710e:ea0e:f571:c9d7:89e6,1
e9a5:9370:ccf7:df23:eca4:8b76:9035:8fc7,1
37.129.3.247,1
418b:350f:9407:5f60:ebf9:eb74:20df:eaa6,1
62fb:afa6:54ad:30fa:9289:57ee:540d:8d00,1
1c21:8931:d06f:73dd:bd93:9781:b857:2286,1
5c36:2bf9:a89c:a8c7:6c68:4966:4b40:6e87,1
176.242.196.161,1
16.0.63.142,1
223.145.54.187,1
165.87.74.18,1
72cf:895c:8bf1:d09:d6c7:56c8:1d9e:13b8,1
20.88.165.244,1
70.208.147.88,1
85.193.32.224,1
10.3.255.8,1
149.201.125.138,1
e693:3c43:ec44:f62f:4044:5a93:d441:1ba0,1
afc4:e016:b671:49d8:8f2c:d13f:1d41:5748,1
72.151.130.45,1
202.63.227.147,1
178.44.150.91,1
94.139.61.212,1
201.234.110.89,1
112.106.132.86,1
2e8f:37fe:81f3:f58d:e6c:dd58:f056:99a7,1
5e9d:9730:dfbc:70da:1f28:7d7c:82c8:acd1,1
2439:33f1:bacf:8a17:1e01:a670:7e14:4c82,1
aaa0:c44e:7e76:474b:1d2d:19fa:8a5d:6e20,1
2808:46ba:eb33:ecf6:97f:9625:a0a0:b201,1
112.226.93.170,1
152.133.69.12,1
c522:34:abce:60d9:fedc:1b:9175:1870,1
156.6.4.63,1
72.55.112.136,1
68.52.167.122,1
35.200.59.31,1
41f9:3dd4:de6c:9ac2:30ca:2601:a35f:46,1
38fb:cc8b:60a9:d645:8643:f57e:a145:6b29,1
67.207.174.246,1
182.76.162.242,1
206.143.214.72,1
160.218.253.84,1
38.98.218.147,1
c937:a5b4:3e6f:ff49:bfae:57d1:fe7d:5eeb,1
163.130.152.116,1
119.135.243.205,1
174.174.101.149,1
168.101.228.228,1
7020:fdb1:5258:453a:3b59:e1b:60ac:97f9,1
4.16.11.61,1
31.23.17.29,1
22d0:eae5:cc9:a83:9697:4c39:43b2:3bd9,1
26.158.117.152,1
114.161.112.197,1
f509:1a7f:3b55:9e96:1486:1872:c618:a04a,1
57.146.10.45,1
37.123.35.20,1
4a26:4a37:eebb:b041:64d5:6366:70e4:8a5a,1
57.114.85.196,1
145.237.135.161,1
13.204.107.217,1
117.62.81.64,1
814c:4af1:8fd2:ba2a:3fd9:c36b:a2d2:fb00,1
168.172.103.126,1
8e1e:e842:3d69:f7bc:35cb:faf0:b153:2fc8,1
115.4.2.239,1
a3e3:34a9:b19e:dc47:6f8e:14a6:80dc:9f1,1
14.85.243.100,1
bcd9:2f31:c3f8:96dd:344a:ee3f:ad4d:2b35,1
2.221.76.212,1
178.115.58.146,1
57.211.49.217,1
209.9.130.176,1
26.55.111.161,1
179.84.10.236,1
58.4.135.116,1
126.155.160.64,1
22.112.99.220,1
188.236.98.162,1
150.65.91.64,1
cd9a:68b8:54e7:c3c7:71f8:f626:b3ed:6fb6,1
19.186.132.24,1
217.127.163.155,1
34f4:f02c:357d:9534:c92e:d8ef:a1fb:6226,1
6db9:25c4:6f55:2b74:7c4d:a521:8c55:66ee,1
98.135.111.57,1
5.154.94.208,1
192.243.101.247,1
128.155.174.104,1
24.248.100.255,1
8c26:db50:4d01:c255:b2ff:dfe3:32ad:3646,1
6982:f0d4:bf2b:f20f:4503:e75:318d:d43e,1
62.109.185.218,1
6c9b:c66:6b59:601:8b1b:17f8:2f28:1a2b,1
6844:5d63:63d3:eb27:106c:b963:6b6:2eb8,1
164.75.95.253,1
67.171.19.97,1
6ed2:6fa4:290b:7a5f:f5d7:72b0:878d:8a5b,1
7392:6586:1750:a0bf:8404:4524:401:b7f,1
160.109.199.68,1
16.63.238.123,1
7567:a423:5f32:94c2:9b39:653:4e8b:318,1
115.49.209.69,1
138.75.80.97,1
caa7:488f:177b:563c:c8e2:13d:773e:9687,1
f5ac:ec64:8c98:676e:e38a:261:3a8a:78c8,1
196.150.150.13,1
22.48.149.112,1
e3a8:2816:b92d:51de:24d8:c42b:58bf:e6ba,1
16.79.67.144,1
6c2e:4fd9:34be:9e64:cd9d:5523:9844:dc98,1
66.146.80.147,1
20c5:21d5:1352:6429:1268:5502:57bd:fc05,1
182.32.55.249,1
31.35.50.198,1
186.71.35.69,1
5dad:33ba:bf46:c399:3143:2526:184c:b9da,1
125.79.60.117,1
1469:5d02:97e:2584:ca17:a0dc:54d4:163f,1
39.121.79.237,1
38.252.236.175,1
2bd:9931:70ec:77aa:e8d8:6471:f31a:755d,1
10.41.82.254,1
133.78.25.13,1
58.250.154.161,1
9.200.242.219,1
b219:49ad:f026:2b2:a248:1fb8:2bb6:53f2,1
ff49:6183:bf4e:53ff:98ce:fce1:b69e:6e25,1
103.67.27.145,1
115.122.33.85,1
66.33.164.172,1
b681:f130:519b:343e:fb54:1f57:19b8:b160,1
38ca:2f1f:cd68:4869:d5e1:cfcd:6b12:c302,1
87.168.83.165,1
a5c3:2ad5:49de:40aa:27e0:5f08:501:866d,1
21.223.32.148,1
5b52:2fe7:6fd6:b06f:511:9e00:8b4e:949c,1
45.92.127.77,1
140.8.80.140,1
128.17.77.170,1
189.69.74.46,1
204.63.220.214,1
111.55.169.136,1
84.197.60.241,1
5.61.33.132,1
150.190.160.246,1
47.97.83.31,1
196.169.192.193,1
2165:ee55:4535:f9ec:8581:7167:2fb9:9fe7,1
9a44:23ee:769d:a106:d0b:c725:c7ff:a6d1,1
129.62.140.74,1
a129:2aaa:ae83:ffe7:2c1a:2eaa:45a5:131c,1
136.123.78.125,1
21a3:4497:ef95:34f2:bbd1:b6e3:e4c:635,1
154.218.119.63,1
7dc9:fe35:c1ab:ee51:4369:6a30:ff7f:eb8,1
66.196.198.125,1
12.25.111.76,1
192.215.67.157,1
8214:d83e:b4a8:2ef9:1cf0:1ea2:95fc:5e7f,1
111.157.140.212,1
55.15.10.37,1
87.69.110.100,1
199.58.39.116,1
bd27:dc4e:f004:5764:3192:ef32:6d78:d141,1
175.40.206.147,1
abb8:579d:de7f:c880:781d:cec1:b4d0:3e9e,1
f355:e16e:4ea4:fd6c:1a36:4667:6f66:415f,1
62.83.22.19,1
216.83.20.114,1
11.23.9.64,1
147.67.195.88,1
82.190.174.234,1
200.217.161.51,1
152.31.156.42,1
37.241.128.188,1
173.116.9.178,1
104.160.208.29,1
126.22.163.107,1
176.238.46.14,1
143.200.236.133,1
2509:64ee:9501:8996:5669:8d2:6cf:8a69,1
6c02:223:ed85:3cb:64c5:e7c5:652b:9ff5,1
173.252.30.87,1
124.172.164.213,1
168.76.165.218,1
71.104.252.40,1
789c:c509:20ff:181d:7957:3ee1:4bed:4b4a,1
5452:376e:8b6a:fc09:415f:5868:a0be:f896,1
171.174.122.201,1
92.38.239.136,1
206.1.198.58,1
148.82.79.168,1
c81f:2d3d:390f:b096:a892:edca:bf80:953c,1
96.233.178.198,1
42.152.88.7,1
159.208.189.131,1
6.37.210.113,1
217.65.127.25,1
88.21.242.189,1
90.65.220.53,1
130.172.36.188,1
6668:7916:3c39:9663:8a28:2589:83d3:30c1,1
4d84:eb4b:852e:95aa:bc23:ccc1:221f:4f3d,1
8665:3f63:3dbd:5782:5ea2:617b:4d0e:3ac3,1
179.198.238.187,1
223.218.10.244,1
45.36.33.33,1
6244:aa84:e2fe:1e62:eac0:d1ac:12e9:ffc5,1
185.111.96.147,1
185.175.216.133,1
f91c:c566:839:b65:e17d:45c8:df9b:c2f1,1
218.150.137.46,1
189.111.236.123,1
194.1.248.239,1
215.237.251.120,1
18.116.162.171,1
b6f1:3724:4dc4:21ec:19e:a8d4:8e2d:5d3,1
116.164.230.202,1
98.204.169.92,1
114.30.208.130,1
183.150.211.99,1
2175:a302:57be:3df9:ce55:e650:486e:c090,1
3b0b:6e19:7b35:ed5c:1c93:3c74:98b2:f4e7,1
5d7f:a75d:51e7:b5d9:5d84:dfe5:1626:81da,1
1.72.172.221,1
68.182.120.25,1
d387:31c5:278b:3774:9fc9:f27b:bf26:ae3,1
21bd:b036:ad1b:a86a:ca3a:cf5e:b4f1:6bf6,1
203.207.125.0,1
78.77.6.104,1
195.41.136.252,1
210.60.223.38,1
173.217.226.73,1
5f1f:8e57:9bc1:22db:6caf:5c0a:7c74:8081,1
d902:97fc:2ff:2a74:aad1:5ed:d8bd:a32b,1
3fa:b8d1:6f79:cf49:f39b:c766:7d2e:795d,1
137.3.216.113,1
98.230.197.131,1
7216:588:ab69:3bb8:17c7:6d4a:3e9a:cda0,1
93.202.33.9,1
146.165.211.30,1
195.159.165.106,1
157.172.66.223,1
74.91.89.225,1
b086:3107:ca69:fb9a:5a6b:118b:bb99:77c8,1
23.127.76.97,1
52.54.126.237,1
2be3:1a26:3983:6c72:9c6a:5b51:1b28:26c6,1
45.136.219.88,1
221.26.211.195,1
18b5:33ab:5678:bb5:da3f:239a:8d2f:3dc4,1
195.136.52.115,1
217.50.96.7,1
25.80.51.61,1
57.177.136.26,1
16.108.178.71,1
91.35.16.53,1
165.247.87.91,1
78.34.38.81,1
19.8.231.56,1
350d:bfc3:4d01:405d:38ca:8b35:617:6ab1,1
179.204.86.189,1
19.163.117.23,1
216.166.243.55,1
67.191.104.7,1
6703:9aec:a87e:71f7:6429:697f:7b7c:e6fc,1
49bf:1aa8:a568:32ce:c57d:f41:8a0b:3dff,1
8d5b:528:308a:3050:7c4d:af65:de6e:26e9,1
74.137.130.210,1
190.167.151.27,1
176.193.223.228,1
170.189.2.236,1
ab4f:1a6d:a7ae:5191:d619:5cc1:f424:16c2,1
131.134.46.36,1
5ccf:14b9:2d2:b4a2:8aa4:b6ee:6464:1c54,1
9bd9:765f:3788:6be0:2f64:f50c:5459:aa2e,1
63.87.120.82,1
11.112.158.233,1
24.252.49.31,1
a9a2:4195:7687:553d:3cb4:a0e8:6260:45ce,1
32.250.196.221,1
75.12.18.99,1
193.206.235.29,1
173.177.182.22,1
eda0:8737:c614:edcc:93e4:f5b6:c2a5:91e0,1
74.197.43.77,1
b2a0:6b8e:adc9:20fc:ee91:6ce0:6e69:87d3,1
177.24.119.197,1
16.9.26.193,1
46.105.89.235,1
a36:6947:4376:48cd:92e3:1879:a91b:dec5,1
e082:4579:a67b:ca54:7c60:bc9b:d8b0:2d4b,1
7477:a56f:db41:4363:dc08:3aaf:ca6e:bcc9,1
a0ae:d840:e450:4252:f047:ee40:695:fae9,1
216.215.113.219,1
80.113.66.239,1
494a:7aea:386e:7dcf:a7d3:5b6:d62:c85,1
13.126.0.48,1
3ad1:b1fd:e0ee:502:b198:5e6d:d4e7:6ae8,1
134.244.162.184,1
194.188.4.168,1
d49a:dec5:8708:8238:7cda:f3bc:4d9e:aaa0,1
e5ee:50bf:9607:e19c:48cd:dc76:a90a:b4da,1
12.46.78.239,1
121.244.172.69,1
31.70.230.152,1
205.226.61.64,1
51.44.217.154,1
394d:953e:7b51:1e48:efce:ac40:ae78:e3a,1
107.224.107.239,1
128.123.216.207,1
10.228.210.2,1
92.126.154.181,1
192.180.229.44,1
bcb2:3e1:7938:4628:6d2:8e8c:7d00:95d0,1
181.226.23.54,1
38.197.223.91,1
145.101.39.251,1
e5bc:b340:c070:865b:84f2:7116:ca3c:e10f,1
343f:c8a5:b86b:3356:b08b:8a14:9489:4a6b,1
180.104.33.29,1
b7c2:3cf3:281d:75f1:8e1a:fe24:27d:54a2,1
84.4.158.184,1
110.221.206.109,1
140.64.84.236,1
96.107.165.70,1
135.33.105.255,1
161.194.141.91,1
157.105.31.31,1
60.237.185.56,1
93cb:56f1:7957:a37:3ebb:5633:1853:69fc,1
180.93.25.82,1
bcf6:92af:841b:6087:be99:50a5:7677:a37b,1
146.252.4.187,1
174.175.126.128,1
28fc:d1b1:bc9d:b3c2:4630:f92f:174f:1098,1
28.109.77.151,1
4.240.160.151,1
1daa:26d2:edd0:6409:5fc8:3f63:a28f:b7f0,1
4ae2:5c6e:d816:e6ba:7828:9c26:d808:3250,1
46.14.55.108,1
6.88.203.162,1
37.34.219.34,1
c481:8151:1d0e:56b0:acf5:ddb2:cb3a:cabe,1
98.182.218.246,1
f16d:7a54:3a53:3abc:4663:b0df:92be:13cf,1
139.249.66.28,1
